ID,SGPA_1,Credits_1,SGPA_2,Credits_2,SGPA_3,Credits_3,SGPA_4,Credits_4,SGPA_5,Credits_5,SGPA_6,Credits_6,SGPA_7,Credits_7,SGPA_8,Credits_8,Total Credits,Average CGPA
22031A0101,5.77,19.5,6.23,19.5,6.41,25.5,6.4,21.5,7.05,21.5,6.21,21.5,6.87,23.0,9.0,8.0,160.0,6.56
22031A0102,5.77,19.5,6.54,19.5,7.45,25.5,7.28,21.5,7.12,21.5,7.4,21.5,6.87,23.0,10.0,8.0,160.0,7.1
22031A0104,0.0,13.5,0.0,7.5,0.0,16.5,0.0,18.5,6.72,21.5,6.49,21.5,6.35,23.0,10.0,8.0,130.0,0.0
22031A0105,0.0,16.5,5.85,19.5,6.02,25.5,6.37,21.5,7.19,21.5,7.56,21.5,6.87,23.0,9.0,8.0,157.0,0.0
22031A0106,0.0,7.5,0.0,3.0,0.0,22.5,0.0,15.5,6.35,21.5,6.42,21.5,0.0,20.0,9.0,8.0,119.5,0.0
22031A0107,5.92,19.5,6.77,19.5,6.18,25.5,6.47,21.5,7.77,21.5,7.42,21.5,6.87,23.0,7.0,8.0,160.0,6.78
22031A0108,0.0,13.5,0.0,16.5,0.0,19.5,0.0,15.5,0.0,18.5,6.63,21.5,6.74,23.0,10.0,8.0,136.0,0.0
22031A0109,0.0,13.5,6.08,19.5,7.1,25.5,7.19,21.5,7.14,21.5,7.33,21.5,7.0,23.0,9.0,8.0,154.0,0.0
22031A0110,0.0,16.5,6.08,19.5,6.47,25.5,6.67,21.5,7.21,21.5,7.21,21.5,7.0,23.0,10.0,8.0,157.0,0.0
22031A0112,0.0,13.5,0.0,16.5,5.73,25.5,0.0,18.5,6.35,21.5,6.14,21.5,0.0,20.0,9.0,8.0,145.0,0.0
22031A0113,0.0,1.5,,,,,,,,,,,,,,,1.5,0.0
22031A0114,0.0,10.5,0.0,4.5,0.0,10.5,0.0,15.5,6.35,21.5,0.0,15.5,0.0,20.0,6.0,8.0,106.0,0.0
22031A0115,0.0,16.5,0.0,13.5,0.0,22.5,5.98,21.5,0.0,18.5,6.35,21.5,5.96,23.0,9.0,8.0,145.0,0.0
22031A0116,6.1,19.5,0.0,16.5,0.0,22.5,6.02,21.5,6.21,21.5,6.07,21.5,0.0,14.0,9.0,8.0,145.0,0.0
22031A0117,0.0,10.5,0.0,13.5,0.0,16.5,0.0,9.5,0.0,6.5,0.0,12.5,0.0,8.0,9.0,8.0,85.0,0.0
22031A0201,6.31,19.5,5.85,19.5,6.18,25.5,6.56,21.5,5.84,21.5,6.81,21.5,6.78,23.0,10.0,8.0,160.0,6.52
22031A0202,0.0,16.5,0.0,16.5,6.14,25.5,0.0,18.5,5.58,21.5,0.0,18.5,0.0,20.0,10.0,8.0,145.0,0.0
22031A0203,6.31,19.5,6.54,19.5,6.71,25.5,6.21,21.5,0.0,12.5,0.0,12.5,0.0,11.0,9.0,8.0,130.0,0.0
22031A0204,0.0,10.5,0.0,12.0,0.0,19.5,0.0,15.5,0.0,18.5,,,,,,,76.0,0.0
22031A0205,0.0,13.5,0.0,16.5,6.67,25.5,7.0,21.5,7.0,21.5,0.0,18.5,6.91,23.0,10.0,8.0,148.0,0.0
22031A0206,5.77,19.5,0.0,10.5,0.0,13.5,0.0,18.5,,,,,,,,,62.0,0.0
22031A0207,5.92,19.5,0.0,16.5,7.1,25.5,6.12,21.5,5.95,21.5,6.47,21.5,6.52,23.0,10.0,8.0,157.0,0.0
22031A0208,5.54,19.5,5.69,19.5,5.94,25.5,6.02,21.5,5.28,21.5,0.0,18.5,0.0,20.0,10.0,8.0,154.0,0.0
22031A0209,0.0,13.5,0.0,10.5,0.0,13.5,0.0,12.5,,,,,,,,,50.0,0.0
22031A0210,5.69,19.5,0.0,13.5,0.0,10.5,0.0,12.5,0.0,15.5,0.0,18.5,0.0,20.0,9.0,8.0,118.0,0.0
22031A0211,0.0,10.5,0.0,16.5,6.45,25.5,6.65,21.5,6.09,21.5,,,,,,,95.5,0.0
22031A0212,5.92,19.5,6.38,19.5,6.49,25.5,6.26,21.5,5.74,21.5,5.84,21.5,0.0,20.0,10.0,8.0,157.0,0.0
22031A0213,6.08,19.5,5.2,15.0,6.04,25.5,6.09,21.5,5.58,21.5,0.0,15.5,0.0,20.0,10.0,8.0,146.5,0.0
22031A0214,6.69,19.5,6.85,19.5,7.45,25.5,7.56,21.5,7.21,21.5,0.0,18.5,0.0,20.0,10.0,8.0,154.0,0.0
22031A0215,6.31,19.5,6.69,19.5,7.29,25.5,7.21,21.5,6.7,21.5,7.67,21.5,7.39,23.0,10.0,8.0,160.0,7.21
22031A0216,0.0,13.5,,,,,,,,,,,,,,,13.5,0.0
22031A0217,6.92,19.5,6.69,19.5,7.71,25.5,7.56,21.5,7.91,21.5,0.0,18.5,7.39,23.0,10.0,8.0,157.0,0.0
22031A0218,8.0,19.5,8.38,19.5,9.0,25.5,8.47,21.5,8.14,21.5,8.6,21.5,7.65,23.0,10.0,8.0,160.0,8.42
22031A0219,0.0,13.5,0.0,13.5,0.0,13.5,0.0,15.5,0.0,15.5,0.0,18.5,0.0,20.0,10.0,8.0,118.0,0.0
22031A0220,7.08,19.5,6.38,19.5,7.75,25.5,7.35,21.5,7.3,21.5,0.0,18.5,6.87,23.0,10.0,8.0,157.0,0.0
22031A0221,0.0,10.5,0.0,3.0,0.0,10.5,0.0,6.5,,,,,,,,,30.5,0.0
22031A0222,6.54,19.5,6.85,19.5,7.02,25.5,6.58,21.5,6.63,21.5,6.19,21.5,7.43,23.0,10.0,8.0,160.0,6.93
22031A0223,0.0,16.5,0.0,10.5,0.0,22.5,0.0,18.5,5.93,21.5,0.0,18.5,0.0,20.0,10.0,8.0,136.0,0.0
22031A0224,0.0,16.5,5.77,19.5,0.0,19.5,6.0,21.5,0.0,15.5,0.0,15.5,0.0,14.0,10.0,8.0,130.0,0.0
22031A0225,7.62,19.5,7.0,19.5,7.86,25.5,8.53,21.5,7.0,21.5,8.05,21.5,7.39,23.0,10.0,8.0,160.0,7.77
22031A0226,7.31,19.5,6.15,19.5,7.14,25.5,7.42,21.5,7.21,21.5,6.91,21.5,6.78,23.0,10.0,8.0,160.0,7.15
22031A0227,6.23,19.5,0.0,16.5,0.0,22.5,5.79,21.5,5.49,21.5,0.0,18.5,6.78,23.0,10.0,8.0,151.0,0.0
22031A0228,6.15,19.5,0.0,16.5,7.57,25.5,7.42,21.5,6.88,21.5,0.0,18.5,6.65,23.0,10.0,8.0,154.0,0.0
22031A0229,0.0,13.5,0.0,7.5,6.2,25.5,0.0,18.5,0.0,18.5,,,,,,,83.5,0.0
22031A0301,6.77,19.5,6.69,19.5,7.75,25.5,6.91,21.5,7.51,21.5,6.93,21.5,7.0,23.0,10.0,8.0,160.0,7.25
22031A0302,0.0,7.5,0.0,4.5,0.0,13.5,0.0,15.5,0.0,6.5,,,,,,,47.5,0.0
22031A0303,6.38,19.5,5.85,19.5,7.06,25.5,7.02,21.5,7.0,21.5,6.86,21.5,7.26,23.0,10.0,8.0,160.0,6.97
22031A0304,6.23,19.5,6.23,19.5,7.45,25.5,6.74,21.5,7.42,21.5,7.35,21.5,7.04,23.0,10.0,8.0,160.0,7.11
22031A0305,0.0,16.5,6.0,19.5,6.98,25.5,6.67,21.5,6.74,21.5,7.84,21.5,6.65,23.0,10.0,8.0,157.0,0.0
22031A0306,0.0,16.5,0.0,16.5,7.14,25.5,0.0,18.5,0.0,18.5,7.14,21.5,6.65,23.0,10.0,8.0,148.0,0.0
22031A0307,7.77,19.5,6.92,19.5,7.25,25.5,8.26,21.5,7.56,21.5,7.42,21.5,7.52,23.0,10.0,8.0,160.0,7.65
22031A0308,0.0,10.5,0.0,10.5,0.0,16.5,0.0,12.5,0.0,15.5,0.0,15.5,0.0,17.0,10.0,8.0,106.0,0.0
22031A0309,0.0,16.5,5.85,19.5,0.0,22.5,6.98,21.5,6.93,21.5,6.63,21.5,6.65,23.0,10.0,8.0,154.0,0.0
22031A0310,7.15,19.5,6.23,19.5,0.0,22.5,6.7,21.5,0.0,18.5,6.49,21.5,7.04,23.0,10.0,8.0,154.0,0.0
22031A0311,6.69,19.5,5.69,19.5,7.41,25.5,7.19,21.5,7.19,21.5,7.49,21.5,7.3,23.0,10.0,8.0,160.0,7.18
22031A0312,6.0,19.5,5.62,19.5,7.1,25.5,7.6,21.5,7.35,21.5,7.42,21.5,7.17,23.0,10.0,8.0,160.0,7.08
22031A0313,6.54,19.5,6.08,19.5,7.16,25.5,6.44,21.5,7.05,21.5,7.0,21.5,6.78,23.0,10.0,8.0,160.0,6.91
22031A0401,6.15,19.5,6.31,19.5,6.51,25.5,6.12,21.5,6.72,21.5,0.0,18.5,7.39,23.0,10.0,8.0,157.0,0.0
22031A0402,5.62,19.5,0.0,16.5,0.0,19.5,0.0,12.5,0.0,18.5,0.0,18.5,0.0,20.0,10.0,8.0,133.0,0.0
22031A0403,6.31,19.5,6.85,19.5,7.86,25.5,7.4,21.5,7.91,21.5,8.26,21.5,7.65,23.0,10.0,8.0,160.0,7.62
22031A0404,6.31,19.5,6.31,19.5,7.24,25.5,6.0,21.5,7.19,21.5,6.95,21.5,6.3,23.0,10.0,8.0,160.0,6.8
22031A0405,0.0,10.5,0.0,13.5,0.0,13.5,0.0,18.5,0.0,18.5,0.0,15.5,0.0,20.0,10.0,8.0,118.0,0.0
22031A0406,8.08,19.5,8.85,19.5,8.51,25.5,7.95,21.5,8.33,21.5,8.05,21.5,8.12,24.0,10.0,8.0,161.0,8.35
22031A0407,0.0,0.0,,,,,,,,,,,,,,,0.0,0.0
22031A0408,8.15,19.5,8.46,19.5,8.75,25.5,8.65,21.5,8.67,21.5,8.33,21.5,8.12,24.0,10.0,8.0,161.0,8.53
22031A0409,6.23,19.5,6.31,19.5,6.78,25.5,6.6,21.5,7.42,21.5,7.4,21.5,7.7,23.0,10.0,8.0,160.0,7.09
22031A0410,7.77,19.5,8.85,19.5,8.75,25.5,8.42,21.5,8.23,21.5,8.67,21.5,8.3,23.0,10.0,8.0,160.0,8.52
22031A0411,0.0,10.5,,,0.0,10.5,0.0,9.5,,,,,,,,,30.5,0.0
22031A0412,6.92,19.5,7.54,19.5,7.63,25.5,6.98,21.5,7.14,21.5,8.09,21.5,7.43,23.0,10.0,8.0,160.0,7.53
22031A0413,6.46,19.5,0.0,16.5,6.75,25.5,6.28,21.5,6.02,21.5,6.42,21.5,6.39,23.0,10.0,8.0,157.0,0.0
22031A0415,0.0,16.5,0.0,16.5,7.08,25.5,5.86,21.5,6.67,21.5,6.4,21.5,6.65,23.0,10.0,8.0,154.0,0.0
22031A0416,7.38,19.5,7.54,19.5,7.43,25.5,7.26,21.5,7.88,21.5,7.14,21.5,6.39,23.0,10.0,8.0,160.0,7.41
22031A0417,0.0,16.5,0.0,16.5,0.0,22.5,6.47,21.5,6.26,21.5,6.98,21.5,0.0,20.0,10.0,8.0,148.0,0.0
22031A0418,0.0,10.5,5.62,19.5,0.0,19.5,0.0,18.5,0.0,15.5,5.95,21.5,0.0,20.0,10.0,8.0,133.0,0.0
22031A0419,5.69,19.5,6.15,19.5,6.57,25.5,7.05,21.5,7.23,21.5,6.77,21.5,6.78,23.0,10.0,8.0,160.0,6.79
22031A0420,7.38,19.5,8.23,19.5,7.49,25.5,7.33,21.5,7.63,21.5,8.19,21.5,7.78,23.0,10.0,8.0,160.0,7.83
22031A0421,7.54,19.5,7.77,19.5,7.37,25.5,7.65,21.5,6.93,21.5,7.7,21.5,7.52,23.0,10.0,8.0,160.0,7.62
22031A0422,5.69,19.5,5.69,19.5,6.78,25.5,6.3,21.5,0.0,18.5,7.02,21.5,6.39,23.0,10.0,8.0,157.0,0.0
22031A0423,0.0,13.5,0.0,16.5,6.73,25.5,6.19,21.5,6.56,21.5,7.14,21.5,6.52,23.0,10.0,8.0,151.0,0.0
22031A0424,6.15,19.5,5.85,19.5,0.0,19.5,6.02,21.5,5.93,21.5,5.6,21.5,6.57,23.0,10.0,8.0,154.0,0.0
22031A0425,0.0,16.5,6.15,19.5,0.0,19.5,6.09,21.5,5.63,21.5,6.47,21.5,0.0,20.0,10.0,8.0,148.0,0.0
22031A0426,5.92,19.5,5.85,19.5,6.53,25.5,5.63,21.5,5.77,21.5,6.42,21.5,0.0,17.0,10.0,8.0,154.0,0.0
22031A0427,6.15,19.5,6.08,19.5,6.69,25.5,0.0,18.5,6.4,21.5,6.26,21.5,0.0,20.0,10.0,8.0,154.0,0.0
22031A0428,6.62,19.5,7.15,19.5,7.55,25.5,7.07,21.5,6.4,21.5,7.42,21.5,6.65,23.0,10.0,8.0,160.0,7.14
22031A0429,0.0,16.5,6.0,19.5,0.0,16.5,0.0,18.5,0.0,18.5,0.0,18.5,7.04,23.0,10.0,8.0,139.0,0.0
22031A0430,6.08,19.5,6.23,19.5,6.78,25.5,6.51,21.5,6.79,21.5,7.14,21.5,7.3,23.0,10.0,8.0,160.0,6.88
22031A0431,0.0,13.5,5.77,19.5,6.63,25.5,6.02,21.5,5.98,21.5,6.35,21.5,6.83,23.0,10.0,8.0,154.0,0.0
22031A0432,0.0,13.5,0.0,13.5,0.0,10.5,0.0,9.5,0.0,12.5,0.0,6.5,0.0,20.0,10.0,8.0,94.0,0.0
22031A0433,6.46,19.5,7.08,19.5,0.0,22.5,6.58,21.5,6.44,21.5,6.63,21.5,7.13,23.0,10.0,8.0,157.0,0.0
22031A0434,5.85,19.5,5.69,19.5,7.04,25.5,6.16,21.5,6.26,21.5,7.14,21.5,6.65,23.0,10.0,8.0,160.0,6.61
22031A0435,6.77,19.5,6.85,19.5,7.57,25.5,6.88,21.5,7.98,21.5,7.56,21.5,7.26,23.0,10.0,8.0,160.0,7.42
22031A0436,5.92,19.5,6.62,19.5,7.27,25.5,7.0,21.5,6.79,21.5,7.33,21.5,7.65,23.0,10.0,8.0,160.0,7.12
22031A0437,7.23,19.5,7.23,19.5,6.82,25.5,6.37,21.5,6.65,21.5,6.7,21.5,0.0,20.0,10.0,8.0,157.0,0.0
22031A0438,7.08,19.5,7.15,19.5,7.12,25.5,7.3,21.5,7.49,21.5,7.91,21.5,7.0,23.0,10.0,8.0,160.0,7.43
22031A0439,0.0,4.5,0.0,7.5,0.0,19.5,5.98,21.5,5.91,21.5,0.0,18.5,5.91,23.0,10.0,8.0,124.0,0.0
22031A0440,6.38,19.5,7.54,19.5,7.25,25.5,7.67,21.5,7.67,21.5,8.4,21.5,7.65,23.0,10.0,8.0,160.0,7.64
22031A0441,0.0,16.5,0.0,16.5,0.0,22.5,0.0,18.5,0.0,18.5,0.0,18.5,6.78,23.0,10.0,8.0,142.0,0.0
22031A0442,6.15,19.5,6.77,19.5,7.31,25.5,6.58,21.5,6.84,21.5,7.28,21.5,7.43,23.0,10.0,8.0,160.0,7.09
22031A0443,6.62,19.5,6.77,19.5,7.53,25.5,6.84,21.5,6.67,21.5,0.0,18.5,6.65,23.0,10.0,8.0,157.0,0.0
22031A0444,7.69,19.5,7.85,19.5,7.22,25.5,6.7,21.5,6.51,21.5,7.26,21.5,7.39,23.0,10.0,8.0,160.0,7.36
22031A0445,7.54,19.5,7.54,19.5,7.57,25.5,7.53,21.5,7.23,21.5,7.33,21.5,7.13,23.0,10.0,8.0,160.0,7.54
22031A0446,7.92,19.5,7.38,19.5,8.41,25.5,7.63,21.5,7.26,21.5,8.26,21.5,7.39,23.0,10.0,8.0,160.0,7.88
22031A0447,6.77,19.5,6.38,19.5,7.8,25.5,6.67,21.5,6.88,21.5,7.12,21.5,7.57,23.0,10.0,8.0,160.0,7.21
22031A0448,6.92,19.5,7.62,19.5,6.9,25.5,6.98,21.5,6.67,21.5,7.19,21.5,7.04,23.0,10.0,8.0,160.0,7.18
22031A0449,6.38,19.5,6.31,19.5,0.0,22.5,6.86,21.5,6.6,21.5,6.77,21.5,7.04,23.0,10.0,8.0,157.0,0.0
22031A0450,7.31,19.5,7.15,19.5,7.8,25.5,7.05,21.5,7.23,21.5,7.7,21.5,7.7,23.0,10.0,8.0,160.0,7.57
22031A0451,0.0,10.5,,,,,,,,,,,,,,,10.5,0.0
22031A0452,5.69,19.5,6.23,19.5,6.88,25.5,6.63,21.5,6.74,21.5,7.05,21.5,7.43,23.0,10.0,8.0,160.0,6.86
22031A0453,7.92,19.5,8.15,19.5,7.8,25.5,7.72,21.5,7.67,21.5,7.67,21.5,7.88,24.0,10.0,8.0,161.0,7.93
22031A0454,6.08,19.5,6.15,19.5,6.63,25.5,6.49,21.5,6.19,21.5,0.0,18.5,6.57,23.0,10.0,8.0,157.0,0.0
22031A0455,6.46,19.5,7.46,19.5,7.57,25.5,7.65,21.5,8.4,21.5,8.12,21.5,7.3,23.0,10.0,8.0,160.0,7.7
22031A0456,6.31,19.5,6.23,19.5,7.24,25.5,7.07,21.5,7.37,21.5,6.86,21.5,6.91,23.0,10.0,8.0,160.0,7.04
22031A0457,7.08,19.5,8.23,19.5,8.24,25.5,8.0,21.5,7.6,21.5,8.05,21.5,7.88,24.0,10.0,8.0,161.0,7.99
22031A0458,6.54,19.5,6.23,19.5,6.73,25.5,6.19,21.5,0.0,18.5,6.3,21.5,6.57,23.0,10.0,8.0,157.0,0.0
22031A0459,0.0,15.0,0.0,17.5,0.0,13.5,0.0,18.5,6.74,21.5,,,,,,,86.0,0.0
22031A0460,6.62,19.5,6.08,19.5,6.78,25.5,6.3,21.5,7.19,21.5,6.44,21.5,6.39,23.0,10.0,8.0,160.0,6.73
22031A0501,6.85,19.5,6.23,19.5,6.84,25.5,6.21,21.5,6.12,21.5,0.0,18.5,7.39,23.0,10.0,8.0,157.0,0.0
22031A0502,7.23,19.5,8.0,19.5,7.94,25.5,7.6,21.5,7.3,21.5,7.95,21.5,8.04,23.0,9.0,8.0,160.0,7.8
22031A0503,6.62,19.5,6.23,19.5,6.71,25.5,6.58,21.5,6.74,21.5,7.12,21.5,7.78,23.0,10.0,8.0,160.0,7.0
22031A0504,8.15,19.5,7.69,19.5,8.33,25.5,8.14,21.5,8.37,21.5,8.12,21.5,7.65,23.0,10.0,8.0,160.0,8.17
22031A0505,7.85,19.5,7.46,19.5,8.22,25.5,7.7,21.5,7.67,21.5,7.7,21.5,7.78,23.0,10.0,8.0,160.0,7.89
22031A0506,9.08,19.5,9.23,19.5,9.1,25.5,8.88,21.5,7.84,21.5,8.74,21.5,7.91,23.0,10.0,8.0,160.0,8.74
22031A0507,7.77,19.5,7.85,19.5,7.2,25.5,7.21,21.5,8.02,21.5,7.6,21.5,8.04,23.0,10.0,8.0,160.0,7.77
22031A0508,6.46,19.5,6.62,19.5,7.53,25.5,7.14,21.5,7.16,21.5,7.56,21.5,7.3,23.0,10.0,8.0,160.0,7.28
22031A0509,7.08,19.5,7.46,19.5,7.82,25.5,7.0,21.5,7.23,21.5,6.84,21.5,7.17,23.0,10.0,8.0,160.0,7.38
22031A0510,7.92,19.5,9.08,19.5,8.61,25.5,7.33,21.5,8.3,21.5,8.53,21.5,8.04,23.0,10.0,8.0,160.0,8.35
22031A0511,0.0,10.5,0.0,16.5,0.0,22.5,0.0,15.5,0.0,18.5,0.0,18.5,7.17,23.0,10.0,8.0,133.0,0.0
22031A0512,0.0,13.5,6.31,19.5,7.35,25.5,6.86,21.5,7.09,21.5,7.47,21.5,7.3,23.0,10.0,8.0,154.0,0.0
22031A0513,8.38,19.5,8.77,19.5,8.39,25.5,8.42,21.5,8.05,21.5,8.05,21.5,7.52,23.0,10.0,8.0,160.0,8.3
22031A0514,0.0,16.5,0.0,4.5,0.0,16.5,0.0,9.5,0.0,6.5,0.0,12.5,0.0,8.0,9.0,8.0,82.0,0.0
22031A0515,6.15,19.5,5.92,19.5,6.31,25.5,0.0,18.5,6.26,21.5,6.12,21.5,6.39,23.0,10.0,8.0,157.0,0.0
22031A0516,0.0,13.5,0.0,16.5,6.96,25.5,6.65,21.5,6.74,21.5,6.63,21.5,7.17,23.0,10.0,8.0,151.0,0.0
22031A0517,8.08,19.5,8.77,19.5,8.76,25.5,8.88,21.5,8.67,21.5,8.81,21.5,8.04,23.0,10.0,8.0,160.0,8.65
22031A0518,7.62,19.5,7.0,19.5,7.31,25.5,7.0,21.5,7.67,21.5,7.53,21.5,6.74,23.0,10.0,8.0,160.0,7.4
22031A0519,6.46,19.5,6.38,19.5,6.8,25.5,6.56,21.5,6.72,21.5,6.49,21.5,7.52,23.0,10.0,8.0,160.0,6.89
22031A0520,7.46,19.5,,,0.0,22.5,0.0,18.5,0.0,18.5,,,,,,,79.0,0.0
22031A0521,7.85,19.5,7.77,19.5,8.55,25.5,7.86,21.5,8.02,21.5,8.19,21.5,7.83,23.0,10.0,8.0,160.0,8.13
22031A0522,6.69,19.5,6.46,19.5,6.65,25.5,7.05,21.5,6.95,21.5,0.0,18.5,7.52,23.0,10.0,8.0,157.0,0.0
22031A0523,6.77,19.5,6.85,19.5,6.86,25.5,6.98,21.5,6.88,21.5,7.26,21.5,7.04,23.0,10.0,8.0,160.0,7.1
22031A0524,8.31,19.5,8.38,19.5,7.63,25.5,7.53,21.5,7.53,21.5,8.02,21.5,7.65,23.0,10.0,8.0,160.0,7.95
22031A0525,7.15,19.5,6.46,19.5,6.57,25.5,0.0,18.5,6.19,21.5,6.7,21.5,6.78,23.0,9.0,8.0,157.0,0.0
22031A0526,0.0,16.5,6.15,19.5,6.37,25.5,6.05,21.5,6.33,21.5,6.19,21.5,6.52,23.0,9.0,8.0,157.0,0.0
22031A0527,8.62,19.5,8.92,19.5,9.27,25.5,9.3,21.5,8.53,21.5,9.3,21.5,8.96,23.0,10.0,8.0,160.0,9.05
22031A0528,7.77,19.5,8.08,19.5,8.02,25.5,8.05,21.5,7.53,21.5,8.12,21.5,7.78,23.0,10.0,8.0,160.0,8.01
22031A0529,7.85,19.5,7.23,19.5,7.78,25.5,7.77,21.5,7.74,21.5,8.05,21.5,7.57,23.0,10.0,8.0,160.0,7.83
22031A0530,7.92,19.5,8.0,19.5,7.96,25.5,7.47,21.5,7.6,21.5,7.53,21.5,8.09,23.0,10.0,8.0,160.0,7.91
22031A0531,7.46,19.5,7.92,19.5,7.73,25.5,7.21,21.5,7.33,21.5,7.14,21.5,7.39,23.0,10.0,8.0,160.0,7.58
22031A0532,7.15,19.5,6.77,19.5,7.49,25.5,7.3,21.5,7.56,21.5,8.19,21.5,7.52,23.0,10.0,8.0,160.0,7.57
22031A0533,7.0,19.5,6.77,19.5,7.73,25.5,7.77,21.5,7.6,21.5,7.49,21.5,7.65,23.0,10.0,8.0,160.0,7.58
22031A0534,8.15,19.5,8.23,19.5,7.98,25.5,7.09,21.5,8.09,21.5,7.98,21.5,8.04,23.0,10.0,8.0,160.0,8.04
22031A0535,8.31,19.5,9.08,19.5,8.51,25.5,8.28,21.5,8.19,21.5,8.47,21.5,7.78,23.0,10.0,8.0,160.0,8.45
22031A0536,8.54,19.5,9.23,19.5,8.27,25.5,8.74,21.5,8.05,21.5,9.02,21.5,8.7,23.0,10.0,8.0,160.0,8.7
22031A0537,8.23,19.5,7.62,19.5,8.53,25.5,8.33,21.5,8.3,21.5,8.4,21.5,7.91,23.0,10.0,8.0,160.0,8.29
22031A0538,7.46,19.5,6.38,19.5,6.8,25.5,6.56,21.5,6.4,21.5,6.47,21.5,6.26,23.0,9.0,8.0,160.0,6.73
22031A0539,8.23,19.5,8.77,19.5,8.45,25.5,8.19,21.5,7.4,21.5,7.56,21.5,7.26,23.0,10.0,8.0,160.0,8.07
22031A0540,0.0,13.5,6.0,3.0,0.0,22.5,0.0,12.5,0.0,15.5,,,,,,,67.0,0.0
22031A0541,7.69,19.5,7.46,19.5,7.84,25.5,7.33,21.5,7.95,21.5,7.95,21.5,8.7,23.0,10.0,8.0,160.0,7.97
22031A0542,0.0,13.5,0.0,16.5,7.24,25.5,6.91,21.5,6.74,21.5,7.12,21.5,7.65,23.0,10.0,8.0,151.0,0.0
22031A0543,8.15,19.5,7.85,19.5,8.67,25.5,8.23,21.5,8.3,21.5,7.84,21.5,7.78,23.0,10.0,8.0,160.0,8.22
22031A0544,7.85,19.5,8.54,19.5,8.43,25.5,8.16,21.5,8.09,21.5,8.23,21.5,7.52,23.0,10.0,8.0,160.0,8.21
22031A0545,7.15,19.5,6.85,19.5,8.14,25.5,7.79,21.5,7.23,21.5,7.53,21.5,7.7,23.0,10.0,8.0,160.0,7.64
22031A0546,8.92,19.5,7.54,19.5,8.59,25.5,8.19,21.5,8.26,21.5,8.19,21.5,8.57,23.0,10.0,8.0,160.0,8.42
22031A0547,9.0,19.5,8.54,19.5,8.67,25.5,8.47,21.5,8.44,21.5,8.74,21.5,8.43,23.0,10.0,8.0,160.0,8.68
22031A0548,8.69,19.5,9.08,19.5,9.29,25.5,8.74,21.5,8.19,21.5,8.4,21.5,7.39,23.0,10.0,8.0,160.0,8.61
22031A0549,0.0,16.5,7.0,19.5,0.0,22.5,0.0,18.5,7.09,21.5,7.47,21.5,7.39,23.0,10.0,8.0,151.0,0.0
22031A0550,8.0,19.5,7.46,19.5,8.02,25.5,7.98,21.5,7.58,21.5,7.6,21.5,7.52,23.0,10.0,8.0,160.0,7.86
22031A0551,7.69,19.5,7.69,19.5,8.16,25.5,7.28,21.5,7.3,21.5,7.26,21.5,7.0,23.0,10.0,8.0,160.0,7.62
22031A0552,7.62,19.5,8.69,19.5,9.16,25.5,8.12,21.5,8.02,21.5,8.53,21.5,7.65,23.0,10.0,8.0,160.0,8.36
22031A0553,7.46,19.5,6.46,19.5,0.0,22.5,6.42,21.5,6.53,21.5,6.67,21.5,0.0,20.0,10.0,8.0,154.0,0.0
22031A0554,8.15,19.5,7.62,19.5,8.45,25.5,7.84,21.5,7.95,21.5,7.88,21.5,8.09,23.0,10.0,8.0,160.0,8.11
22031A0555,7.46,19.5,6.54,19.5,6.96,25.5,6.86,21.5,6.98,21.5,7.53,21.5,8.22,23.0,10.0,8.0,160.0,7.37
22031A0556,6.77,19.5,6.38,19.5,6.69,25.5,6.28,21.5,6.74,21.5,7.3,21.5,7.17,23.0,9.0,8.0,160.0,6.88
22031A0557,0.0,16.5,6.92,19.5,6.9,25.5,6.77,21.5,7.02,21.5,6.42,21.5,7.43,23.0,10.0,8.0,157.0,0.0
22031A0558,0.0,16.5,6.38,19.5,7.31,25.5,7.19,21.5,6.95,21.5,7.26,21.5,7.3,23.0,10.0,8.0,157.0,0.0
23035A0101,,,,,7.22,25.5,7.53,21.5,8.09,21.5,7.91,21.5,7.0,23.0,10.0,8.0,121.0,7.69
23035A0102,,,,,7.69,25.5,7.28,21.5,7.63,21.5,7.91,21.5,7.65,23.0,10.0,8.0,121.0,7.79
23035A0103,,,,,8.78,25.5,8.47,21.5,8.6,21.5,8.6,21.5,8.04,23.0,10.0,8.0,121.0,8.6
23035A0104,,,,,7.57,25.5,6.88,21.5,7.63,21.5,7.4,21.5,7.0,23.0,10.0,8.0,121.0,7.48
23035A0105,,,,,7.73,25.5,7.6,21.5,8.53,21.5,7.67,21.5,7.26,23.0,10.0,8.0,121.0,7.9
23035A0106,,,,,6.69,25.5,6.53,21.5,7.33,21.5,7.74,21.5,7.13,23.0,10.0,8.0,121.0,7.26
23035A0107,,,,,6.41,25.5,7.05,21.5,7.05,21.5,6.91,21.5,0.0,20.0,9.0,8.0,118.0,0.0
23035A0108,,,,,6.63,25.5,7.16,21.5,6.77,21.5,6.84,21.5,7.0,23.0,9.0,8.0,121.0,7.01
23035A0109,,,,,7.61,25.5,6.98,21.5,7.74,21.5,7.6,21.5,7.26,23.0,9.0,8.0,121.0,7.54
23035A0110,,,,,6.35,25.5,7.21,21.5,7.95,21.5,8.02,21.5,7.91,23.0,9.0,8.0,121.0,7.56
23035A0111,,,,,8.71,25.5,8.53,21.5,8.12,21.5,8.6,21.5,7.91,23.0,10.0,8.0,121.0,8.49
23035A0112,,,,,6.8,25.5,6.53,21.5,7.33,21.5,6.98,21.5,6.74,23.0,9.0,8.0,121.0,7.01
23035A0113,,,,,5.76,25.5,6.19,21.5,6.91,21.5,6.7,21.5,6.48,23.0,9.0,8.0,121.0,6.56
23035A0114,,,,,6.88,25.5,6.49,21.5,6.79,21.5,6.63,21.5,6.48,23.0,10.0,8.0,121.0,6.88
23035A0115,,,,,7.29,25.5,6.88,21.5,6.28,21.5,7.14,21.5,6.48,23.0,9.0,8.0,121.0,6.97
23035A0116,,,,,6.75,25.5,6.7,21.5,7.12,21.5,7.53,21.5,7.13,23.0,9.0,8.0,121.0,7.17
23035A0117,,,,,7.31,25.5,7.02,21.5,7.26,21.5,7.67,21.5,7.39,23.0,9.0,8.0,121.0,7.44
23035A0118,,,,,6.53,25.5,0.0,18.5,6.84,21.5,6.93,21.5,6.74,23.0,9.0,8.0,118.0,0.0
23035A0119,,,,,8.41,25.5,7.91,21.5,8.33,21.5,8.6,21.5,8.3,23.0,10.0,8.0,121.0,8.42
23035A0120,,,,,7.39,25.5,7.47,21.5,7.47,21.5,7.19,21.5,7.0,23.0,9.0,8.0,121.0,7.42
23035A0121,,,,,7.65,25.5,7.0,21.5,7.21,21.5,8.26,21.5,7.52,23.0,8.0,8.0,121.0,7.56
23035A0122,,,,,8.31,25.5,6.84,21.5,7.49,21.5,7.81,21.5,7.13,23.0,10.0,8.0,121.0,7.7
23035A0123,,,,,6.12,25.5,6.56,21.5,6.35,21.5,6.56,21.5,0.0,20.0,9.0,8.0,118.0,0.0
23035A0124,,,,,7.76,25.5,7.6,21.5,8.19,21.5,8.02,21.5,7.52,23.0,10.0,8.0,121.0,7.96
23035A0125,,,,,6.24,25.5,0.0,18.5,6.28,21.5,0.0,18.5,6.22,23.0,9.0,8.0,115.0,0.0
23035A0126,,,,,5.94,25.5,0.0,18.5,0.0,15.5,,,,,,,59.5,0.0
23035A0127,,,,,7.0,25.5,6.19,21.5,7.05,21.5,7.47,21.5,6.74,23.0,9.0,8.0,121.0,7.03
23035A0128,,,,,6.35,25.5,6.02,21.5,6.77,21.5,7.33,21.5,6.74,23.0,9.0,8.0,121.0,6.79
23035A0129,,,,,0.0,21.5,7.02,21.5,7.63,21.5,8.4,21.5,7.65,23.0,8.0,8.0,117.0,0.0
23035A0130,,,,,6.53,25.5,6.23,21.5,7.28,21.5,7.47,21.5,7.52,23.0,10.0,8.0,121.0,7.19
23035A0131,,,,,7.22,25.5,7.09,21.5,7.6,21.5,7.05,21.5,7.26,23.0,9.0,8.0,121.0,7.36
23035A0132,,,,,6.49,25.5,6.3,21.5,6.49,21.5,6.84,21.5,6.87,23.0,9.0,8.0,121.0,6.76
23035A0133,,,,,6.51,25.5,6.12,21.5,6.77,21.5,7.05,21.5,6.74,23.0,9.0,8.0,121.0,6.79
23035A0134,,,,,6.67,25.5,6.23,21.5,7.07,21.5,6.56,21.5,6.74,23.0,9.0,8.0,121.0,6.81
23035A0135,,,,,0.0,16.5,0.0,12.5,,,,,,,,,29.0,0.0
23035A0136,,,,,6.53,25.5,6.37,21.5,7.42,21.5,6.98,21.5,6.87,23.0,9.0,8.0,121.0,6.97
23035A0137,,,,,6.75,25.5,7.14,21.5,8.05,21.5,7.77,21.5,6.87,23.0,9.0,8.0,121.0,7.4
23035A0138,,,,,7.14,25.5,7.23,21.5,8.26,21.5,8.47,21.5,8.17,23.0,10.0,8.0,121.0,7.98
23035A0139,,,,,6.8,25.5,6.95,21.5,6.98,21.5,7.7,21.5,7.39,23.0,9.0,8.0,121.0,7.28
23035A0140,,,,,6.35,25.5,0.0,18.5,6.35,21.5,6.79,21.5,6.22,23.0,9.0,8.0,118.0,0.0
23035A0141,,,,,6.84,25.5,7.28,21.5,7.63,21.5,7.63,21.5,7.65,23.0,10.0,8.0,121.0,7.56
23035A0142,,,,,0.0,22.5,6.12,21.5,7.4,21.5,7.4,21.5,7.0,23.0,9.0,8.0,118.0,0.0
23035A0143,,,,,0.0,22.5,0.0,15.5,0.0,18.5,,,,,,,56.5,0.0
23035A0144,,,,,7.04,25.5,6.53,21.5,7.19,21.5,7.63,21.5,7.39,23.0,10.0,8.0,121.0,7.34
23035A0201,,,,,8.53,25.5,7.84,21.5,7.09,21.5,7.88,21.5,7.43,23.0,10.0,8.0,121.0,7.92
23035A0202,,,,,8.12,25.5,8.6,21.5,8.05,21.5,8.4,21.5,7.13,23.0,10.0,8.0,121.0,8.18
23035A0203,,,,,6.82,25.5,6.93,21.5,0.0,18.5,0.0,15.5,0.0,17.0,10.0,8.0,106.0,0.0
23035A0204,,,,,7.49,25.5,8.33,21.5,7.21,21.5,7.88,21.5,7.26,23.0,10.0,8.0,121.0,7.78
23035A0205,,,,,8.12,25.5,7.47,21.5,6.3,21.5,7.26,21.5,7.26,23.0,10.0,8.0,121.0,7.49
23035A0206,,,,,5.88,25.5,7.23,21.5,6.33,21.5,0.0,18.5,0.0,17.0,9.0,8.0,112.0,0.0
23035A0207,,,,,6.8,25.5,6.72,21.5,0.0,18.5,6.74,21.5,6.35,23.0,10.0,8.0,118.0,0.0
23035A0208,,,,,7.53,25.5,7.35,21.5,6.47,21.5,6.53,21.5,6.57,23.0,10.0,8.0,121.0,7.11
23035A0209,,,,,7.14,25.5,8.02,21.5,6.6,21.5,7.37,21.5,7.57,23.0,10.0,8.0,121.0,7.51
23035A0210,,,,,7.35,25.5,7.77,21.5,7.42,21.5,0.0,18.5,7.17,23.0,10.0,8.0,118.0,0.0
23035A0211,,,,,8.06,25.5,8.33,21.5,7.49,21.5,7.81,21.5,7.39,23.0,10.0,8.0,121.0,7.96
23035A0212,,,,,0.0,22.5,6.58,21.5,6.37,21.5,0.0,18.5,0.0,14.0,10.0,8.0,106.0,0.0
23035A0213,,,,,8.2,25.5,8.05,21.5,6.72,21.5,0.0,18.5,6.61,23.0,10.0,8.0,118.0,0.0
23035A0214,,,,,7.65,25.5,7.56,21.5,6.72,21.5,7.79,21.5,7.13,23.0,10.0,8.0,121.0,7.55
23035A0215,,,,,8.55,25.5,8.4,21.5,8.56,21.5,8.3,21.5,7.26,23.0,10.0,8.0,121.0,8.33
23035A0216,,,,,6.9,25.5,7.77,21.5,7.63,21.5,8.09,21.5,7.78,23.0,10.0,8.0,121.0,7.77
23035A0217,,,,,7.25,25.5,7.63,21.5,6.37,21.5,7.26,21.5,7.0,23.0,10.0,8.0,121.0,7.3
23035A0218,,,,,7.45,25.5,7.05,21.5,7.35,21.5,7.88,21.5,6.61,23.0,10.0,8.0,121.0,7.45
23035A0219,,,,,8.08,25.5,8.74,21.5,8.19,21.5,8.33,21.5,7.39,23.0,10.0,8.0,121.0,8.26
23035A0220,,,,,6.98,25.5,6.79,21.5,6.63,21.5,0.0,18.5,7.26,23.0,10.0,8.0,118.0,0.0
23035A0221,,,,,7.35,25.5,7.42,21.5,6.7,21.5,7.51,21.5,7.04,23.0,10.0,8.0,121.0,7.39
23035A0222,,,,,7.08,25.5,8.05,21.5,7.07,21.5,7.53,21.5,7.7,23.0,10.0,8.0,121.0,7.64
23035A0223,,,,,7.9,25.5,9.02,21.5,8.33,21.5,8.53,21.5,7.78,23.0,10.0,8.0,121.0,8.4
23035A0224,,,,,7.24,25.5,7.49,21.5,7.58,21.5,7.81,21.5,7.52,23.0,10.0,8.0,121.0,7.68
23035A0225,,,,,8.37,25.5,8.12,21.5,7.23,21.5,8.51,21.5,7.91,23.0,10.0,8.0,121.0,8.17
23035A0227,,,,,6.61,25.5,6.65,21.5,0.0,18.5,0.0,18.5,0.0,20.0,10.0,8.0,112.0,0.0
23035A0228,,,,,7.94,25.5,7.74,21.5,7.49,21.5,0.0,18.5,6.91,23.0,10.0,8.0,118.0,0.0
23035A0229,,,,,8.16,25.5,8.4,21.5,7.14,21.5,7.44,21.5,7.65,23.0,10.0,8.0,121.0,7.92
23035A0230,,,,,6.53,25.5,6.49,21.5,5.93,21.5,0.0,18.5,0.0,20.0,10.0,8.0,115.0,0.0
23035A0231,,,,,8.49,25.5,8.33,21.5,7.98,21.5,8.3,21.5,7.39,23.0,10.0,8.0,121.0,8.23
23035A0232,,,,,8.39,25.5,7.84,21.5,8.19,21.5,8.02,21.5,7.57,23.0,10.0,8.0,121.0,8.14
23035A0233,,,,,9.12,25.5,8.88,21.5,8.65,21.5,9.09,21.5,8.57,23.0,10.0,8.0,121.0,8.94
23035A0301,,,,,6.94,25.5,7.26,21.5,7.51,21.5,7.77,21.5,6.65,23.0,10.0,8.0,121.0,7.39
23035A0302,,,,,8.24,25.5,7.95,21.5,7.93,21.5,7.91,21.5,7.26,23.0,10.0,8.0,121.0,8.0
23035A0303,,,,,7.12,25.5,6.81,21.5,6.44,21.5,0.0,18.5,7.26,23.0,10.0,8.0,118.0,0.0
23035A0304,,,,,8.35,25.5,7.23,21.5,7.63,21.5,8.12,21.5,7.39,23.0,10.0,8.0,121.0,7.91
23035A0305,,,,,7.51,25.5,7.53,21.5,7.74,21.5,7.63,21.5,7.13,23.0,10.0,8.0,121.0,7.67
23035A0306,,,,,8.25,25.5,8.23,21.5,7.79,21.5,8.19,21.5,8.17,23.0,10.0,8.0,121.0,8.25
23035A0307,,,,,7.33,25.5,6.49,21.5,7.02,21.5,6.72,21.5,6.48,23.0,10.0,8.0,121.0,7.03
23035A0308,,,,,7.9,25.5,7.81,21.5,8.0,21.5,8.47,21.5,8.04,23.0,10.0,8.0,121.0,8.17
23035A0309,,,,,8.18,25.5,7.21,21.5,7.72,21.5,7.77,21.5,7.13,23.0,10.0,8.0,121.0,7.77
23035A0310,,,,,7.14,25.5,6.65,21.5,6.47,21.5,0.0,18.5,6.48,23.0,10.0,8.0,118.0,0.0
23035A0311,,,,,7.75,25.5,6.58,21.5,7.53,21.5,7.28,21.5,7.04,23.0,10.0,8.0,121.0,7.43
23035A0312,,,,,0.0,22.5,7.23,21.5,7.4,21.5,7.7,21.5,7.04,23.0,10.0,8.0,118.0,0.0
23035A0313,,,,,8.49,25.5,7.67,21.5,7.47,21.5,7.28,21.5,7.0,23.0,10.0,8.0,121.0,7.76
23035A0314,,,,,7.71,25.5,7.49,21.5,7.4,21.5,7.42,21.5,7.57,23.0,10.0,8.0,121.0,7.69
23035A0315,,,,,7.53,25.5,7.21,21.5,0.0,18.5,7.14,21.5,7.17,23.0,10.0,8.0,118.0,0.0
23035A0316,,,,,7.63,25.5,7.28,21.5,7.51,21.5,7.7,21.5,7.13,23.0,10.0,8.0,121.0,7.62
23035A0317,,,,,6.94,25.5,7.07,21.5,7.02,21.5,6.63,21.5,6.91,23.0,10.0,8.0,121.0,7.12
23035A0318,,,,,8.08,25.5,7.56,21.5,7.88,21.5,7.42,21.5,7.26,23.0,10.0,8.0,121.0,7.81
23035A0319,,,,,7.22,25.5,7.14,21.5,7.23,21.5,7.19,21.5,7.7,23.0,10.0,8.0,121.0,7.48
23035A0320,,,,,7.37,25.5,6.95,21.5,6.88,21.5,7.14,21.5,7.43,23.0,10.0,8.0,121.0,7.35
23035A0321,,,,,7.71,25.5,7.19,21.5,7.51,21.5,7.56,21.5,7.04,23.0,10.0,8.0,121.0,7.58
23035A0322,,,,,8.41,25.5,7.63,21.5,8.44,21.5,8.33,21.5,7.65,23.0,10.0,8.0,121.0,8.22
23035A0323,,,,,7.39,25.5,6.79,21.5,7.23,21.5,7.14,21.5,7.04,23.0,10.0,8.0,121.0,7.32
23035A0324,,,,,7.59,25.5,7.91,21.5,7.74,21.5,7.42,21.5,6.91,23.0,10.0,8.0,121.0,7.67
23035A0325,,,,,9.76,25.5,8.42,21.5,8.6,21.5,8.26,21.5,7.39,23.0,10.0,8.0,121.0,8.61
23035A0326,,,,,8.14,25.5,7.95,21.5,8.0,21.5,7.84,21.5,7.7,23.0,10.0,8.0,121.0,8.07
23035A0327,,,,,8.25,25.5,8.6,21.5,8.79,21.5,8.6,21.5,7.78,23.0,10.0,8.0,121.0,8.5
23035A0328,,,,,7.86,25.5,8.23,21.5,7.98,21.5,8.33,21.5,8.04,23.0,10.0,8.0,121.0,8.21
23035A0329,,,,,7.75,25.5,7.26,21.5,7.19,21.5,7.07,21.5,6.78,23.0,10.0,8.0,121.0,7.41
23035A0331,,,,,8.55,25.5,8.19,21.5,8.23,21.5,8.19,21.5,7.26,23.0,10.0,8.0,121.0,8.22
23035A0332,,,,,7.18,25.5,7.35,21.5,7.51,21.5,7.0,21.5,7.0,23.0,10.0,8.0,121.0,7.39
23035A0333,,,,,7.69,25.5,8.09,21.5,8.07,21.5,8.4,21.5,7.52,23.0,10.0,8.0,121.0,8.08
23035A0334,,,,,8.69,25.5,7.95,21.5,8.51,21.5,8.33,21.5,7.65,23.0,10.0,8.0,121.0,8.35
23035A0335,,,,,7.59,25.5,7.28,21.5,7.79,21.5,8.53,21.5,7.91,23.0,10.0,8.0,121.0,7.96
23035A0336,,,,,8.04,25.5,7.56,21.5,7.56,21.5,7.56,21.5,7.0,23.0,10.0,8.0,121.0,7.72
23035A0337,,,,,7.47,25.5,7.6,21.5,6.95,21.5,7.07,21.5,7.26,23.0,10.0,8.0,121.0,7.46
23035A0338,,,,,7.84,25.5,7.53,21.5,8.35,21.5,8.19,21.5,8.17,23.0,10.0,8.0,121.0,8.14
23035A0339,,,,,6.96,25.5,6.26,21.5,0.0,18.5,0.0,18.5,6.65,23.0,10.0,8.0,115.0,0.0
23035A0340,,,,,8.35,25.5,8.09,21.5,7.95,21.5,8.05,21.5,7.65,23.0,10.0,8.0,121.0,8.16
23035A0341,,,,,8.16,25.5,8.0,21.5,7.28,21.5,7.84,21.5,7.17,23.0,10.0,8.0,121.0,7.85
23035A0342,,,,,7.86,25.5,6.79,21.5,7.26,21.5,7.53,21.5,7.04,23.0,10.0,8.0,121.0,7.49
23035A0343,,,,,7.61,25.5,6.28,21.5,7.09,21.5,7.56,21.5,7.04,23.0,10.0,8.0,121.0,7.32
23035A0344,,,,,7.18,25.5,6.56,21.5,7.3,21.5,7.0,21.5,6.91,23.0,10.0,8.0,121.0,7.19
23035A0345,,,,,7.75,25.5,7.14,21.5,7.51,21.5,8.12,21.5,7.78,23.0,10.0,8.0,121.0,7.82
23035A0346,,,,,8.65,25.5,7.35,21.5,9.07,21.5,8.47,21.5,8.17,23.0,10.0,8.0,121.0,8.46
23035A0347,,,,,8.12,25.5,7.44,21.5,7.58,21.5,7.91,21.5,7.57,23.0,10.0,8.0,121.0,7.89
23035A0401,,,,,7.67,25.5,8.0,21.5,7.37,21.5,7.91,21.5,7.17,23.0,10.0,8.0,121.0,7.78
23035A0402,,,,,6.82,25.5,6.77,21.5,7.12,21.5,7.6,21.5,7.17,23.0,10.0,8.0,121.0,7.28
23035A0403,,,,,0.0,10.5,0.0,18.5,0.0,15.5,0.0,18.5,0.0,20.0,10.0,8.0,91.0,0.0
23035A0404,,,,,0.0,19.5,6.28,21.5,6.05,21.5,6.42,21.5,6.52,23.0,10.0,8.0,115.0,0.0
23035A0405,,,,,8.45,25.5,8.6,21.5,7.33,21.5,7.91,21.5,7.26,23.0,10.0,8.0,121.0,8.06
23035A0406,,,,,0.0,22.5,6.16,21.5,6.33,21.5,6.72,21.5,6.52,23.0,10.0,8.0,118.0,0.0
23035A0407,,,,,6.78,25.5,7.56,21.5,6.88,21.5,7.84,21.5,7.3,23.0,10.0,8.0,121.0,7.44
23035A0501,,,,,8.27,25.5,8.19,21.5,7.88,21.5,7.67,21.5,7.39,23.0,10.0,8.0,121.0,8.03
23035A0502,,,,,8.51,25.5,7.98,21.5,8.09,21.5,8.65,21.5,7.65,23.0,10.0,8.0,121.0,8.3
23035A0503,,,,,6.71,25.5,6.91,21.5,7.05,21.5,7.47,21.5,7.78,23.0,10.0,8.0,121.0,7.36
23035A0504,,,,,7.51,25.5,7.21,21.5,6.67,21.5,6.86,21.5,6.65,23.0,10.0,8.0,121.0,7.19
23035A0505,,,,,7.47,25.5,7.05,21.5,6.95,21.5,7.05,21.5,7.04,23.0,10.0,8.0,121.0,7.31
23035A0507,,,,,6.57,25.5,6.49,21.5,6.53,21.5,6.91,21.5,6.39,23.0,10.0,8.0,121.0,6.8
23035A0508,,,,,7.8,25.5,7.77,21.5,7.95,21.5,8.37,21.5,7.91,23.0,10.0,8.0,121.0,8.09
23035A0509,,,,,8.16,25.5,7.84,21.5,8.16,21.5,8.26,21.5,8.17,23.0,10.0,8.0,121.0,8.24
23035A0510,,,,,7.78,25.5,7.84,21.5,8.02,21.5,8.44,21.5,8.43,23.0,10.0,8.0,121.0,8.22
